,code_player,dreamteam_count,form,in_dreamteam,now_cost,photo,points_per_game,selected_by_percent,status,total_points,transfers_in,transfers_in_event,transfers_out,transfers_out_event,value_form,value_season,web_name,minutes,goals_scored,assists,clean_sheets,goals_conceded,own_goals,penalties_saved,penalties_missed,yellow_cards,red_cards,saves,bonus,bps,influence,creativity,threat,ict_index,influence_rank,influence_rank_type,creativity_rank,creativity_rank_type,threat_rank,threat_rank_type,ict_index_rank,ict_index_rank_type,full_name,id_player,club_name,strength,strength_overall_home,strength_overall_away,strength_attack_home,strength_attack_away,strength_defence_home,strength_defence_away,singular_name,squad_select,squad_min_play,squad_max_play,event_next_first,team,team_h_difficulty_next_first,team_a_difficulty_next_first,h_a_next_first,next_1,event_next_second,team_h_difficulty_next_second,team_a_difficulty_next_second,h_a_next_second,next_2,event_third,team_h_difficulty_third,team_a_difficulty_third,h_a_third,next_3,points_by_diff
0,49262,0,0.0,False,4.0,49262,0.0,3.6,a,0,153752,825,63191,904,0.0,0.0,Steele,0,0,0,0,0,0,0,0,0,0,0,0,0,0.0,0.0,0.0,0.0,391,32,379,12,323,9,399,32,Jason Steele,4,Brighton,3,1100,1130,1150,1190,1100,1130,Goalkeeper,2,1,1,5,Brighton,4.0,3,h,Leicester,7,3,3,h,Arsenal,8,2,2,a,Norwich,0.0
1,131897,0,0.0,False,4.5,131897,0.0,0.0,u,0,0,0,609,7,0.0,0.0,Ryan,0,0,0,0,0,0,0,0,0,0,0,0,0,0.0,0.0,0.0,0.0,467,56,461,41,419,38,473,56,Mathew Ryan,4,Brighton,3,1100,1130,1150,1190,1100,1130,Goalkeeper,2,1,1,5,Brighton,4.0,3,h,Leicester,7,3,3,h,Arsenal,8,2,2,a,Norwich,0.0
2,215059,0,3.5,False,4.5,215059,4.0,25.6,a,16,637206,10025,406753,4720,0.8,3.6,Sánchez,360,0,0,2,3,0,0,0,0,0,7,0,82,66.4,10.0,0.0,7.6,132,17,252,1,446,43,233,17,Robert Sánchez,4,Brighton,3,1100,1130,1150,1190,1100,1130,Goalkeeper,2,1,1,5,Brighton,4.0,3,h,Leicester,7,3,3,h,Arsenal,8,2,2,a,Norwich,1.0
3,240514,0,0.0,False,4.5,240514,0.0,0.0,a,0,896,21,1533,36,0.0,0.0,Scherpen,0,0,0,0,0,0,0,0,0,0,0,0,0,0.0,0.0,0.0,0.0,502,61,497,49,463,47,506,61,Kjell Scherpen,4,Brighton,3,1100,1130,1150,1190,1100,1130,Goalkeeper,2,1,1,5,Brighton,4.0,3,h,Leicester,7,3,3,h,Arsenal,8,2,2,a,Norwich,0.0
4,39155,0,1.8,False,5.4,39155,2.0,0.2,a,8,5604,169,11578,187,0.3,1.5,Lallana,272,0,0,2,2,0,0,0,0,0,0,0,38,19.4,11.5,8.0,3.9,278,113,244,134,253,137,295,130,Adam Lallana,4,Brighton,3,1100,1130,1150,1190,1100,1130,Midfielder,5,2,5,5,Brighton,4.0,3,h,Leicester,7,3,3,h,Arsenal,8,2,2,a,Norwich,0.5
5,60307,0,2.0,False,6.0,60307,4.7,0.5,d,14,48894,27,59038,1781,0.3,2.3,Groß,270,0,2,1,3,0,0,0,0,0,0,1,70,85.4,143.6,44.0,27.3,86,31,15,10,117,62,44,29,Pascal Groß,4,Brighton,3,1100,1130,1150,1190,1100,1130,Midfielder,5,2,5,5,Brighton,4.0,3,h,Leicester,7,3,3,h,Arsenal,8,2,2,a,Norwich,1.175
6,66242,0,0.0,False,4.5,66242,0.0,0.0,u,0,0,0,57,0,0.0,0.0,Pröpper,0,0,0,0,0,0,0,0,0,0,0,0,0,0.0,0.0,0.0,0.0,459,176,454,183,411,167,466,180,Davy Pröpper,4,Brighton,3,1100,1130,1150,1190,1100,1130,Midfielder,5,2,5,5,Brighton,4.0,3,h,Leicester,7,3,3,h,Arsenal,8,2,2,a,Norwich,0.0
7,109345,0,0.8,False,5.4,109345,1.7,0.1,a,5,1922,37,5559,56,0.1,0.9,March,188,0,0,1,1,0,0,0,1,0,0,0,19,32.6,57.5,21.0,11.1,244,99,92,57,183,103,180,91,Solomon March,4,Brighton,3,1100,1130,1150,1190,1100,1130,Midfielder,5,2,5,5,Brighton,4.0,3,h,Leicester,7,3,3,h,Arsenal,8,2,2,a,Norwich,0.425
8,116216,1,4.0,False,6.4,116216,4.5,0.8,a,18,34347,1760,67368,791,0.6,2.8,Trossard,326,1,0,2,3,0,0,0,0,0,0,3,47,63.4,52.3,100.0,21.5,139,53,102,62,52,28,71,39,Leandro Trossard,4,Brighton,3,1100,1130,1150,1190,1100,1130,Midfielder,5,2,5,5,Brighton,4.0,3,h,Leicester,7,3,3,h,Arsenal,8,2,2,a,Norwich,1.125
9,165210,0,0.0,False,5.5,165210,0.0,0.0,u,0,0,0,84,0,0.0,0.0,Jahanbakhsh,0,0,0,0,0,0,0,0,0,0,0,0,0,0.0,0.0,0.0,0.0,587,237,585,238,580,236,588,237,Alireza Jahanbakhsh,4,Brighton,3,1100,1130,1150,1190,1100,1130,Midfielder,5,2,5,5,Brighton,4.0,3,h,Leicester,7,3,3,h,Arsenal,8,2,2,a,Norwich,0.0
10,227127,0,3.0,False,4.6,227127,3.5,17.3,a,14,859527,13436,464315,8012,0.7,3.0,Bissouma,360,0,1,2,3,0,0,0,1,0,0,2,70,67.8,28.4,17.0,11.4,127,49,170,100,200,112,176,90,Yves Bissouma,4,Brighton,3,1100,1130,1150,1190,1100,1130,Midfielder,5,2,5,5,Brighton,4.0,3,h,Leicester,7,3,3,h,Arsenal,8,2,2,a,Norwich,0.875
11,235382,0,0.0,False,5.0,235382,2.0,0.0,a,2,2023,34,3029,56,0.0,0.4,Alzate,71,0,0,0,1,0,0,0,0,0,0,0,12,10.4,24.1,2.0,3.7,305,129,189,109,301,157,298,133,Steven Alzate,4,Brighton,3,1100,1130,1150,1190,1100,1130,Midfielder,5,2,5,5,Brighton,4.0,3,h,Leicester,7,3,3,h,Arsenal,8,2,2,a,Norwich,0.5
12,243016,0,2.0,False,5.5,243016,4.2,0.6,a,17,39866,348,29015,600,0.4,3.1,Mac Allister,175,1,1,1,1,0,0,0,0,0,0,3,55,87.8,51.7,76.0,21.6,74,27,104,63,71,39,70,38,Alexis Mac Allister,4,Brighton,3,1100,1130,1150,1190,1100,1130,Midfielder,5,2,5,5,Brighton,4.0,3,h,Leicester,7,3,3,h,Arsenal,8,2,2,a,Norwich,1.05
13,243505,0,1.0,False,4.5,243505,2.0,0.9,a,8,78434,337,45466,837,0.2,1.8,Moder,153,0,1,0,2,0,0,0,0,0,0,0,23,25.8,16.9,43.0,8.6,256,103,208,116,119,63,216,103,Jakub Moder,4,Brighton,3,1100,1130,1150,1190,1100,1130,Midfielder,5,2,5,5,Brighton,4.0,3,h,Leicester,7,3,3,h,Arsenal,8,2,2,a,Norwich,0.5
14,423649,0,0.0,False,5.9,423649,0.5,0.1,a,1,818,35,7822,63,0.0,0.2,Mwepu,63,0,0,0,1,0,0,0,1,0,0,0,3,2.2,13.2,7.0,2.1,359,162,232,128,261,142,330,147,Enock Mwepu,4,Brighton,3,1100,1130,1150,1190,1100,1130,Midfielder,5,2,5,5,Brighton,4.0,3,h,Leicester,7,3,3,h,Arsenal,8,2,2,a,Norwich,0.125
15,209045,0,0.2,False,4.5,209045,1.0,0.0,a,1,2248,80,1136,46,0.0,0.2,Richards,17,0,0,0,0,0,0,0,0,0,0,0,4,2.6,11.5,8.0,2.2,352,159,243,133,245,132,323,144,Taylor Richards,4,Brighton,3,1100,1130,1150,1190,1100,1130,Midfielder,5,2,5,5,Brighton,4.0,3,h,Leicester,7,3,3,h,Arsenal,8,2,2,a,Norwich,0.25
16,486672,0,0.0,False,4.5,486672,0.0,0.0,u,0,713,0,689,14,0.0,0.0,Caicedo,0,0,0,0,0,0,0,0,0,0,0,0,0,0.0,0.0,0.0,0.0,524,206,519,211,490,201,528,208,Moisés Caicedo,4,Brighton,3,1100,1130,1150,1190,1100,1130,Midfielder,5,2,5,5,Brighton,4.0,3,h,Leicester,7,3,3,h,Arsenal,8,2,2,a,Norwich,0.0
17,115382,0,2.5,False,6.5,115382,3.8,2.1,a,15,166053,1810,194223,2889,0.4,2.3,Maupay,315,2,0,1,3,0,0,0,1,0,0,1,63,77.6,58.0,116.0,25.0,102,12,91,17,40,17,54,16,Neal Maupay,4,Brighton,3,1100,1130,1150,1190,1100,1130,Forward,3,1,3,5,Brighton,4.0,3,h,Leicester,7,3,3,h,Arsenal,8,2,2,a,Norwich,0.95
18,233425,0,0.2,False,5.4,233425,1.0,0.1,d,1,6987,33,15850,247,0.0,0.2,Connolly,45,0,0,0,0,0,0,0,0,0,0,0,-2,0.0,1.1,6.0,0.5,578,75,312,45,272,46,365,47,Aaron Connolly,4,Brighton,3,1100,1130,1150,1190,1100,1130,Forward,3,1,3,5,Brighton,4.0,3,h,Leicester,7,3,3,h,Arsenal,8,2,2,a,Norwich,0.25
19,50175,0,0.8,False,6.0,50175,1.5,0.2,a,3,7875,372,10207,290,0.1,0.5,Welbeck,94,0,0,1,0,0,0,0,0,0,0,0,5,6.4,3.7,19.0,3.0,327,36,275,40,193,43,310,41,Danny Welbeck,4,Brighton,3,1100,1130,1150,1190,1100,1130,Forward,3,1,3,5,Brighton,4.0,3,h,Leicester,7,3,3,h,Arsenal,8,2,2,a,Norwich,0.375
20,93284,0,0.0,False,5.0,93284,0.0,0.1,u,0,3828,0,13674,157,0.0,0.0,Andone,0,0,0,0,0,0,0,0,0,0,0,0,0,0.0,0.0,0.0,0.0,552,66,552,69,533,64,557,69,Florin Andone,4,Brighton,3,1100,1130,1150,1190,1100,1130,Forward,3,1,3,5,Brighton,4.0,3,h,Leicester,7,3,3,h,Arsenal,8,2,2,a,Norwich,0.0
21,204676,0,0.0,False,4.5,204676,0.0,0.6,u,0,77446,0,62162,1112,0.0,0.0,Zeqiri,0,0,0,0,0,0,0,0,0,0,0,0,0,0.0,0.0,0.0,0.0,482,54,478,56,443,51,488,57,Andi Zeqiri,4,Brighton,3,1100,1130,1150,1190,1100,1130,Forward,3,1,3,5,Brighton,4.0,3,h,Leicester,7,3,3,h,Arsenal,8,2,2,a,Norwich,0.0
22,106757,0,0.0,False,4.5,106757,0.0,0.4,a,0,39736,2312,7801,529,0.0,0.0,Locadia,0,0,0,0,0,0,0,0,0,0,0,0,0,0.0,0.0,0.0,0.0,463,50,458,52,415,47,470,53,Jürgen Locadia,4,Brighton,3,1100,1130,1150,1190,1100,1130,Forward,3,1,3,5,Brighton,4.0,3,h,Leicester,7,3,3,h,Arsenal,8,2,2,a,Norwich,0.0
23,61933,1,5.0,False,4.2,61933,5.5,20.0,a,22,1535325,26577,338129,5247,1.2,5.2,Duffy,360,1,0,2,3,0,0,0,2,0,0,3,93,129.2,1.9,114.0,24.6,21,6,299,99,41,2,60,9,Shane Duffy,4,Brighton,3,1100,1130,1150,1190,1100,1130,Defender,5,3,5,5,Brighton,4.0,3,h,Leicester,7,3,3,h,Arsenal,8,2,2,a,Norwich,1.375
24,78916,0,0.0,False,4.4,78916,0.0,0.0,a,0,403,76,1783,28,0.0,0.0,Burn,0,0,0,0,0,0,0,0,0,0,0,0,0,0.0,0.0,0.0,0.0,431,164,421,165,368,136,438,164,Dan Burn,4,Brighton,3,1100,1130,1150,1190,1100,1130,Defender,5,3,5,5,Brighton,4.0,3,h,Leicester,7,3,3,h,Arsenal,8,2,2,a,Norwich,0.0
25,83299,0,3.8,False,5.0,83299,4.2,4.5,a,17,70122,2149,185330,2108,0.8,3.4,Dunk,360,0,0,2,3,0,0,0,0,0,0,2,82,56.2,3.8,2.0,6.2,167,65,272,88,300,98,252,86,Lewis Dunk,4,Brighton,3,1100,1130,1150,1190,1100,1130,Defender,5,3,5,5,Brighton,4.0,3,h,Leicester,7,3,3,h,Arsenal,8,2,2,a,Norwich,1.05
26,110735,0,1.8,False,4.5,110735,2.2,0.4,i,9,18091,5,32512,1496,0.4,2.0,Webster,306,0,0,1,3,0,0,0,1,0,0,0,51,87.2,17.8,0.0,10.5,75,25,202,59,417,165,187,56,Adam Webster,4,Brighton,3,1100,1130,1150,1190,1100,1130,Defender,5,3,5,5,Brighton,4.0,3,h,Leicester,7,3,3,h,Arsenal,8,2,2,a,Norwich,0.55
27,111478,0,1.8,False,4.4,111478,3.5,1.4,a,7,22262,438,186910,482,0.4,1.6,Veltman,135,0,0,1,1,0,0,0,1,0,0,1,33,19.6,26.1,3.0,4.8,277,110,181,51,286,90,279,96,Joël Veltman,4,Brighton,3,1100,1130,1150,1190,1100,1130,Defender,5,3,5,5,Brighton,4.0,3,h,Leicester,7,3,3,h,Arsenal,8,2,2,a,Norwich,0.875
28,209362,0,0.0,False,4.0,209362,0.0,0.0,u,0,0,0,378,9,0.0,0.0,Bernardo,0,0,0,0,0,0,0,0,0,0,0,0,0,0.0,0.0,0.0,0.0,399,140,388,141,332,109,407,141,Bernardo Fernandes Da Silva Junior,4,Brighton,3,1100,1130,1150,1190,1100,1130,Defender,5,3,5,5,Brighton,4.0,3,h,Leicester,7,3,3,h,Arsenal,8,2,2,a,Norwich,0.0
29,232792,0,0.0,False,4.4,232792,0.0,0.3,d,0,3612,155,22489,207,0.0,0.0,Lamptey,0,0,0,0,0,0,0,0,0,0,0,0,0,0.0,0.0,0.0,0.0,447,177,436,177,393,158,454,177,Tariq Lamptey,4,Brighton,3,1100,1130,1150,1190,1100,1130,Defender,5,3,5,5,Brighton,4.0,3,h,Leicester,7,3,3,h,Arsenal,8,2,2,a,Norwich,0.0
30,442229,0,0.0,False,4.0,442229,0.0,0.1,u,0,3903,0,3761,102,0.0,0.0,Karbownik,0,0,0,0,0,0,0,0,0,0,0,0,0,0.0,0.0,0.0,0.0,413,149,402,150,348,120,421,150,Michal Karbownik,4,Brighton,3,1100,1130,1150,1190,1100,1130,Defender,5,3,5,5,Brighton,4.0,3,h,Leicester,7,3,3,h,Arsenal,8,2,2,a,Norwich,0.0
31,433589,0,0.0,False,4.0,433589,0.0,0.2,a,0,13700,281,5378,223,0.0,0.0,Roberts,0,0,0,0,0,0,0,0,0,0,0,0,0,0.0,0.0,0.0,0.0,409,146,398,147,344,117,417,147,Haydon Roberts,4,Brighton,3,1100,1130,1150,1190,1100,1130,Defender,5,3,5,5,Brighton,4.0,3,h,Leicester,7,3,3,h,Arsenal,8,2,2,a,Norwich,0.0
32,179268,0,3.5,False,5.0,179268,7.0,0.5,a,7,46024,1096,12641,633,0.7,1.4,Cucurella,81,0,0,1,0,0,0,0,0,0,0,1,25,8.2,14.8,0.0,2.3,314,123,218,66,542,197,320,112,Marc Cucurella,4,Brighton,3,1100,1130,1150,1190,1100,1130,Defender,5,3,5,5,Brighton,4.0,3,h,Leicester,7,3,3,h,Arsenal,8,2,2,a,Norwich,1.75
33,109745,0,0.0,False,4.9,109745,0.0,0.2,a,0,3042,61,12989,241,0.0,0.0,Arrizabalaga,0,0,0,0,0,0,0,0,0,0,0,0,0,0.0,0.0,0.0,0.0,540,64,536,54,512,52,544,64,Kepa Arrizabalaga,6,Chelsea,4,1250,1280,1260,1300,1250,1310,Goalkeeper,2,1,1,5,Chelsea,4.0,4,a,Spurs,7,2,4,h,Southampton,8,4,2,a,Brentford,0.0
34,228286,0,5.0,False,6.0,228286,6.5,13.0,a,26,334526,9799,207927,4468,0.8,4.3,Mendy,360,0,0,3,1,0,0,0,1,0,16,2,105,126.0,0.0,0.0,12.5,26,5,596,66,594,66,158,5,Edouard Mendy,6,Chelsea,4,1250,1280,1260,1300,1250,1310,Goalkeeper,2,1,1,5,Chelsea,4.0,4,a,Spurs,7,2,4,h,Southampton,8,4,2,a,Brentford,1.625
35,85955,0,1.5,False,5.9,85955,2.2,4.2,a,9,130250,2638,240787,5553,0.3,1.5,Jorginho,311,0,0,2,1,0,0,0,0,0,0,0,53,63.0,50.0,2.0,11.6,142,55,110,68,305,159,174,89,Jorge Luiz Frello Filho,6,Chelsea,4,1250,1280,1260,1300,1250,1310,Midfielder,5,2,5,5,Chelsea,4.0,4,a,Spurs,7,2,4,h,Southampton,8,4,2,a,Brentford,0.55
36,88894,0,0.0,False,5.3,88894,0.0,0.1,a,0,1774,44,7022,111,0.0,0.0,Barkley,0,0,0,0,0,0,0,0,0,0,0,0,0,0.0,0.0,0.0,0.0,565,228,566,231,554,227,569,229,Ross Barkley,6,Chelsea,4,1250,1280,1260,1300,1250,1310,Midfielder,5,2,5,5,Chelsea,4.0,4,a,Spurs,7,2,4,h,Southampton,8,4,2,a,Brentford,0.0
37,91651,1,4.2,False,5.1,91651,5.8,4.6,a,23,394670,18358,102613,3723,0.8,4.5,Kovacic,296,1,2,3,0,0,0,0,0,0,0,2,78,98.2,62.0,44.0,20.4,55,22,81,51,116,61,81,45,Mateo Kovacic,6,Chelsea,4,1250,1280,1260,1300,1250,1310,Midfielder,5,2,5,5,Chelsea,4.0,4,a,Spurs,7,2,4,h,Southampton,8,4,2,a,Brentford,1.45
38,116594,0,0.5,False,4.9,116594,1.0,2.6,a,2,62967,3354,231086,2047,0.1,0.4,Kanté,63,0,0,0,1,0,0,0,0,0,0,0,16,16.2,12.1,2.0,3.0,285,116,240,130,297,155,308,138,N'Golo Kanté,6,Chelsea,4,1250,1280,1260,1300,1250,1310,Midfielder,5,2,5,5,Chelsea,4.0,4,a,Spurs,7,2,4,h,Southampton,8,4,2,a,Brentford,0.25
39,124183,0,1.0,False,7.4,124183,2.0,0.4,a,4,14616,430,34663,550,0.1,0.5,Ziyech,98,0,0,1,0,0,0,0,0,0,0,0,13,18.8,31.0,32.0,8.2,280,114,161,97,156,84,225,106,Hakim Ziyech,6,Chelsea,4,1250,1280,1260,1300,1250,1310,Midfielder,5,2,5,5,Chelsea,4.0,4,a,Spurs,7,2,4,h,Southampton,8,4,2,a,Brentford,0.5
40,126187,0,0.0,False,5.4,126187,0.0,0.1,a,0,545,21,4208,44,0.0,0.0,Loftus-Cheek,0,0,0,0,0,0,0,0,0,0,0,0,0,0.0,0.0,0.0,0.0,571,230,571,232,561,229,574,230,Ruben Loftus-Cheek,6,Chelsea,4,1250,1280,1260,1300,1250,1310,Midfielder,5,2,5,5,Chelsea,4.0,4,a,Spurs,7,2,4,h,Southampton,8,4,2,a,Brentford,0.0
41,176413,0,0.0,False,7.9,176413,8.0,0.6,d,8,33814,41,118172,937,0.0,1.0,Pulisic,81,1,0,1,0,0,0,0,0,0,0,0,21,36.8,3.4,42.0,8.2,227,92,278,146,127,69,226,107,Christian Pulisic,6,Chelsea,4,1250,1280,1260,1300,1250,1310,Midfielder,5,2,5,5,Chelsea,4.0,4,a,Spurs,7,2,4,h,Southampton,8,4,2,a,Brentford,2.0
42,184341,0,2.0,False,7.4,184341,4.7,14.2,a,14,398591,3963,900981,19505,0.3,1.9,Mount,261,0,2,2,1,0,0,0,0,0,0,0,54,52.4,90.1,71.0,21.4,180,71,46,30,75,41,73,40,Mason Mount,6,Chelsea,4,1250,1280,1260,1300,1250,1310,Midfielder,5,2,5,5,Chelsea,4.0,4,a,Spurs,7,2,4,h,Southampton,8,4,2,a,Brentford,1.175
43,209046,0,0.8,False,5.3,209046,3.0,0.1,a,3,4267,99,12217,197,0.2,0.6,Hudson-Odoi,81,0,0,1,0,0,0,0,0,0,0,0,13,8.4,13.5,14.0,3.6,312,132,225,125,215,121,302,135,Callum Hudson-Odoi,6,Chelsea,4,1250,1280,1260,1300,1250,1310,Midfielder,5,2,5,5,Chelsea,4.0,4,a,Spurs,7,2,4,h,Southampton,8,4,2,a,Brentford,0.75
44,219847,0,3.2,False,8.3,219847,3.5,5.1,a,14,135691,2531,653770,7055,0.4,1.7,Havertz,205,1,0,2,1,0,0,0,0,0,0,1,29,53.0,20.7,125.0,19.8,178,70,197,111,34,20,85,47,Kai Havertz,6,Chelsea,4,1250,1280,1260,1300,1250,1310,Midfielder,5,2,5,5,Chelsea,4.0,4,a,Spurs,7,2,4,h,Southampton,8,4,2,a,Brentford,0.875
45,89335,0,0.5,False,5.5,89335,1.0,0.3,a,1,32742,675,16200,1011,0.1,0.2,Saúl,45,0,0,0,0,0,0,0,0,0,0,0,1,1.4,2.9,0.0,0.4,363,166,287,152,573,232,368,170,Saúl Ñíguez,6,Chelsea,4,1250,1280,1260,1300,1250,1310,Midfielder,5,2,5,5,Chelsea,4.0,4,a,Spurs,7,2,4,h,Southampton,8,4,2,a,Brentford,0.25
46,44346,0,0.0,False,6.5,44346,0.0,0.0,u,0,0,0,960,11,0.0,0.0,Giroud,0,0,0,0,0,0,0,0,0,0,0,0,0,0.0,0.0,0.0,0.0,601,83,600,82,598,80,601,83,Olivier Giroud,6,Chelsea,4,1250,1280,1260,1300,1250,1310,Forward,3,1,3,5,Chelsea,4.0,4,a,Spurs,7,2,4,h,Southampton,8,4,2,a,Brentford,0.0
47,94245,0,0.0,False,5.5,94245,0.0,0.1,u,0,1384,0,12857,90,0.0,0.0,Batshuayi,0,0,0,0,0,0,0,0,0,0,0,0,0,0.0,0.0,0.0,0.0,583,79,579,79,574,77,584,80,Michy Batshuayi,6,Chelsea,4,1250,1280,1260,1300,1250,1310,Forward,3,1,3,5,Chelsea,4.0,4,a,Spurs,7,2,4,h,Southampton,8,4,2,a,Brentford,0.0
48,165153,0,0.5,False,8.6,165153,1.3,1.6,a,4,31846,410,288729,2199,0.1,0.5,Werner,99,0,0,1,0,0,0,0,0,0,0,0,10,1.2,12.9,26.0,4.0,367,45,234,34,170,39,292,40,Timo Werner,6,Chelsea,4,1250,1280,1260,1300,1250,1310,Forward,3,1,3,5,Chelsea,4.0,4,a,Spurs,7,2,4,h,Southampton,8,4,2,a,Brentford,0.325
49,173879,0,0.0,False,6.5,173879,0.0,0.2,u,0,2438,0,39652,177,0.0,0.0,Abraham,0,0,0,0,0,0,0,0,0,0,0,0,0,0.0,0.0,0.0,0.0,602,84,601,83,599,81,602,84,Tammy Abraham,6,Chelsea,4,1250,1280,1260,1300,1250,1310,Forward,3,1,3,5,Chelsea,4.0,4,a,Spurs,7,2,4,h,Southampton,8,4,2,a,Brentford,0.0
50,66749,1,5.8,False,11.6,66749,7.7,31.2,a,23,2267983,45563,709516,7965,0.5,2.0,Lukaku,270,3,0,2,1,0,0,0,0,0,0,5,97,128.0,63.2,201.0,39.3,23,3,75,11,11,4,16,3,Romelu Lukaku,6,Chelsea,4,1250,1280,1260,1300,1250,1310,Forward,3,1,3,5,Chelsea,4.0,4,a,Spurs,7,2,4,h,Southampton,8,4,2,a,Brentford,1.925
51,41328,0,3.0,False,6.0,41328,4.5,3.9,a,18,79439,2025,117841,2604,0.5,3.0,Azpilicueta,272,0,1,2,1,0,0,0,0,0,0,0,79,91.4,28.5,12.0,13.2,65,21,168,44,224,55,150,42,César Azpilicueta,6,Chelsea,4,1250,1280,1260,1300,1250,1310,Defender,5,3,5,5,Chelsea,4.0,4,a,Spurs,7,2,4,h,Southampton,8,4,2,a,Brentford,1.125
52,51090,0,1.8,False,5.4,51090,3.5,2.1,a,7,24390,1027,131232,1362,0.3,1.3,Thiago Silva,135,0,0,1,0,0,0,0,0,0,0,0,39,73.8,10.3,0.0,8.4,112,43,251,78,556,203,223,72,Thiago Emiliano da Silva,6,Chelsea,4,1250,1280,1260,1300,1250,1310,Defender,5,3,5,5,Chelsea,4.0,4,a,Spurs,7,2,4,h,Southampton,8,4,2,a,Brentford,0.875
53,82263,1,3.2,False,5.7,82263,7.0,15.7,a,28,1114753,16059,310922,7946,0.6,4.9,Alonso,355,1,0,3,1,0,0,0,1,0,0,3,103,103.8,111.5,51.0,26.8,49,12,30,7,101,21,46,5,Marcos Alonso,6,Chelsea,4,1250,1280,1260,1300,1250,1310,Defender,5,3,5,5,Chelsea,4.0,4,a,Spurs,7,2,4,h,Southampton,8,4,2,a,Brentford,1.75
54,102380,0,3.2,False,5.5,102380,4.8,8.9,a,19,343655,10237,263954,4354,0.6,3.5,Rüdiger,360,0,0,3,1,0,0,0,1,0,0,0,77,51.6,9.5,8.0,7.0,183,73,256,79,258,74,246,83,Antonio Rüdiger,6,Chelsea,4,1250,1280,1260,1300,1250,1310,Defender,5,3,5,5,Chelsea,4.0,4,a,Spurs,7,2,4,h,Southampton,8,4,2,a,Brentford,1.2
55,135363,0,2.0,False,5.0,135363,5.0,3.0,a,15,281185,2094,154511,3760,0.4,3.0,Christensen,270,0,0,2,1,0,0,0,0,0,0,1,71,53.6,3.4,0.0,5.7,175,69,277,89,537,195,266,92,Andreas Christensen,6,Chelsea,4,1250,1280,1260,1300,1250,1310,Defender,5,3,5,5,Chelsea,4.0,4,a,Spurs,7,2,4,h,Southampton,8,4,2,a,Brentford,1.25
56,172850,0,0.0,False,5.7,172850,0.0,4.2,a,0,26021,411,651473,4868,0.0,0.0,Chilwell,0,0,0,0,0,0,0,0,0,0,0,0,0,0.0,0.0,0.0,0.0,589,206,587,206,583,206,590,206,Benjamin Chilwell,6,Chelsea,4,1250,1280,1260,1300,1250,1310,Defender,5,3,5,5,Chelsea,4.0,4,a,Spurs,7,2,4,h,Southampton,8,4,2,a,Brentford,0.0
57,199598,0,0.0,False,4.5,199598,0.0,0.1,u,0,1370,0,6253,117,0.0,0.0,Ampadu,0,0,0,0,0,0,0,0,0,0,0,0,0,0.0,0.0,0.0,0.0,479,186,475,186,440,172,485,185,Ethan Ampadu,6,Chelsea,4,1250,1280,1260,1300,1250,1310,Defender,5,3,5,5,Chelsea,4.0,4,a,Spurs,7,2,4,h,Southampton,8,4,2,a,Brentford,0.0
58,225796,1,4.8,False,5.6,225796,6.7,7.9,a,20,543878,13632,510619,3569,0.9,3.6,James,160,1,2,1,1,0,0,0,0,1,0,3,59,85.4,71.6,67.0,22.4,85,30,63,14,80,14,67,13,Reece James,6,Chelsea,4,1250,1280,1260,1300,1250,1310,Defender,5,3,5,5,Chelsea,4.0,4,a,Spurs,7,2,4,h,Southampton,8,4,2,a,Brentford,1.675
59,204727,0,0.0,False,4.9,204727,0.0,0.1,a,0,1068,49,2961,56,0.0,0.0,Sarr,0,0,0,0,0,0,0,0,0,0,0,0,0,0.0,0.0,0.0,0.0,543,199,540,199,517,191,547,198,Malang Sarr,6,Chelsea,4,1250,1280,1260,1300,1250,1310,Defender,5,3,5,5,Chelsea,4.0,4,a,Spurs,7,2,4,h,Southampton,8,4,2,a,Brentford,0.0
60,180736,1,1.8,False,4.9,180736,7.0,2.3,a,21,228079,2182,169761,2517,0.4,4.3,Chalobah,183,1,0,2,0,0,0,0,0,0,0,2,69,73.2,7.4,11.0,9.1,115,45,262,83,227,58,207,64,Trevoh Chalobah,6,Chelsea,4,1250,1280,1260,1300,1250,1310,Defender,5,3,5,5,Chelsea,4.0,4,a,Spurs,7,2,4,h,Southampton,8,4,2,a,Brentford,1.75
61,109533,0,0.0,False,4.5,109533,1.0,0.0,u,1,868,0,1970,24,0.0,0.2,Emerson,4,0,0,0,0,0,0,0,0,0,0,0,3,0.0,0.1,2.0,0.2,465,183,365,133,292,96,379,131,Emerson Palmieri dos Santos,6,Chelsea,4,1250,1280,1260,1300,1250,1310,Defender,5,3,5,5,Chelsea,4.0,4,a,Spurs,7,2,4,h,Southampton,8,4,2,a,Brentford,0.25
62,17745,0,2.0,False,5.0,17745,4.2,19.9,a,17,545284,14132,409901,7055,0.4,3.4,Schmeichel,360,0,0,1,6,0,0,0,0,0,16,2,84,123.6,0.0,0.0,12.4,30,6,545,56,526,54,160,6,Kasper Schmeichel,9,Leicester,4,1240,1180,1190,1150,1150,1230,Goalkeeper,2,1,1,5,Leicester,4.0,3,a,Brighton,7,4,2,a,Crystal Palace,8,4,3,h,Man Utd,1.4000000000000001
63,95463,0,0.0,False,4.0,95463,0.0,5.1,a,0,171967,2435,70899,1642,0.0,0.0,Ward,0,0,0,0,0,0,0,0,0,0,0,0,0,0.0,0.0,0.0,0.0,394,34,383,15,327,12,402,34,Danny Ward,9,Leicester,4,1240,1180,1190,1150,1150,1230,Goalkeeper,2,1,1,5,Leicester,4.0,3,a,Brighton,7,4,2,a,Crystal Palace,8,4,3,h,Man Utd,0.0
64,11974,0,0.0,False,4.0,11974,0.0,0.1,a,0,5087,73,1209,38,0.0,0.0,Jakupovic,0,0,0,0,0,0,0,0,0,0,0,0,0,0.0,0.0,0.0,0.0,383,27,370,6,314,3,391,27,Eldin Jakupovic,9,Leicester,4,1240,1180,1190,1150,1150,1230,Goalkeeper,2,1,1,5,Leicester,4.0,3,a,Brighton,7,4,2,a,Crystal Palace,8,4,3,h,Man Utd,0.0
65,51938,0,2.2,False,5.4,51938,4.5,0.3,a,9,13508,300,12887,298,0.4,1.7,Albrighton,180,1,0,0,2,0,0,0,1,0,0,1,34,48.6,41.9,19.0,10.9,189,74,127,81,190,109,182,92,Marc Albrighton,9,Leicester,4,1240,1180,1190,1150,1150,1230,Midfielder,5,2,5,5,Leicester,4.0,3,a,Brighton,7,4,2,a,Crystal Palace,8,4,3,h,Man Utd,1.5
66,86881,0,0.0,False,4.4,86881,0.0,1.8,d,0,187346,6042,92540,3185,0.0,0.0,Mendy,0,0,0,0,0,0,0,0,0,0,0,0,0,0.0,0.0,0.0,0.0,433,174,423,180,370,164,440,178,Nampalys Mendy,9,Leicester,4,1240,1180,1190,1150,1150,1230,Midfielder,5,2,5,5,Leicester,4.0,3,a,Brighton,7,4,2,a,Crystal Palace,8,4,3,h,Man Utd,0.0
67,106837,0,0.0,False,4.9,106837,0.0,0.0,u,0,497,0,3453,62,0.0,0.0,Praet,0,0,0,0,0,0,0,0,0,0,0,0,0,0.0,0.0,0.0,0.0,538,213,534,217,510,209,542,215,Dennis Praet,9,Leicester,4,1240,1180,1190,1150,1150,1230,Midfielder,5,2,5,5,Leicester,4.0,3,a,Brighton,7,4,2,a,Crystal Palace,8,4,3,h,Man Utd,0.0
68,166989,0,2.8,False,6.4,166989,3.5,4.3,a,14,106580,2723,206099,4141,0.4,2.2,Tielemans,360,1,0,1,6,0,0,0,0,0,0,0,69,103.2,38.1,45.0,18.7,50,20,138,89,114,60,97,49,Youri Tielemans,9,Leicester,4,1240,1180,1190,1150,1150,1230,Midfielder,5,2,5,5,Leicester,4.0,3,a,Brighton,7,4,2,a,Crystal Palace,8,4,3,h,Man Utd,1.1666666666666667
69,168580,0,-0.5,False,5.8,168580,0.5,0.1,a,1,3778,248,19045,114,-0.1,0.2,Pérez,100,0,0,1,4,0,0,0,0,1,0,0,-1,7.2,47.1,10.0,6.0,321,139,117,73,234,126,257,118,Ayoze Pérez,9,Leicester,4,1240,1180,1190,1150,1150,1230,Midfielder,5,2,5,5,Leicester,4.0,3,a,Brighton,7,4,2,a,Crystal Palace,8,4,3,h,Man Utd,0.16666666666666666
70,172780,0,1.5,False,6.8,172780,2.2,5.3,a,9,87385,2214,561516,5161,0.2,1.3,Maddison,299,0,0,1,5,0,0,0,0,0,0,0,30,22.0,40.8,29.0,9.2,271,109,130,84,162,87,206,101,James Maddison,9,Leicester,4,1240,1180,1190,1150,1150,1230,Midfielder,5,2,5,5,Leicester,4.0,3,a,Brighton,7,4,2,a,Crystal Palace,8,4,3,h,Man Utd,0.7333333333333334
71,197469,0,0.0,False,4.5,197469,0.0,0.1,a,0,4833,146,5717,159,0.0,0.0,Choudhury,0,0,0,0,0,0,0,0,0,0,0,0,0,0.0,0.0,0.0,0.0,477,182,473,189,438,176,483,186,Hamza Choudhury,9,Leicester,4,1240,1180,1190,1150,1150,1230,Midfielder,5,2,5,5,Leicester,4.0,3,a,Brighton,7,4,2,a,Crystal Palace,8,4,3,h,Man Utd,0.0
72,201666,0,1.5,False,6.8,201666,2.2,4.5,a,9,102774,3161,699646,4016,0.2,1.3,Barnes,272,0,0,1,4,0,0,0,0,0,0,0,11,8.0,25.2,51.0,8.4,315,133,186,107,102,53,224,105,Harvey Barnes,9,Leicester,4,1240,1180,1190,1150,1150,1230,Midfielder,5,2,5,5,Leicester,4.0,3,a,Brighton,7,4,2,a,Crystal Palace,8,4,3,h,Man Utd,0.7333333333333334
73,203341,0,1.5,False,5.0,203341,2.2,1.5,a,9,46882,1063,69120,1513,0.3,1.8,Ndidi,360,0,0,1,6,0,0,0,0,0,0,0,67,74.0,11.9,22.0,10.8,111,40,241,131,179,100,183,93,Wilfred Ndidi,9,Leicester,4,1240,1180,1190,1150,1150,1230,Midfielder,5,2,5,5,Leicester,4.0,3,a,Brighton,7,4,2,a,Crystal Palace,8,4,3,h,Man Utd,0.7333333333333334
74,225902,0,0.2,False,4.9,225902,1.0,0.1,a,2,1713,36,5172,96,0.0,0.4,Soumaré,37,0,0,0,1,0,0,0,0,0,0,0,8,4.4,1.0,0.0,0.5,334,148,315,161,521,212,362,166,Boubakary Soumaré,9,Leicester,4,1240,1180,1190,1150,1150,1230,Midfielder,5,2,5,5,Leicester,4.0,3,a,Brighton,7,4,2,a,Crystal Palace,8,4,3,h,Man Utd,0.3333333333333333
75,215413,0,0.2,False,4.5,215413,1.0,0.0,a,1,1399,45,1656,47,0.0,0.2,Dewsbury-Hall,4,0,0,0,0,0,0,0,0,0,0,0,3,1.0,0.2,2.0,0.3,369,168,358,177,294,152,370,171,Kiernan Dewsbury-Hall,9,Leicester,4,1240,1180,1190,1150,1150,1230,Midfielder,5,2,5,5,Leicester,4.0,3,a,Brighton,7,4,2,a,Crystal Palace,8,4,3,h,Man Utd,0.3333333333333333
76,219352,0,0.5,False,6.0,219352,1.0,0.0,a,1,3914,155,1842,104,0.1,0.2,Lookman,17,0,0,0,0,0,0,0,0,0,0,0,0,3.4,0.5,35.0,3.9,345,156,339,168,148,78,296,131,Ademola Lookman,9,Leicester,4,1240,1180,1190,1150,1150,1230,Midfielder,5,2,5,5,Leicester,4.0,3,a,Brighton,7,4,2,a,Crystal Palace,8,4,3,h,Man Utd,0.3333333333333333
77,101668,1,4.0,False,10.4,101668,5.2,11.3,a,21,397684,7382,783739,13344,0.4,2.0,Vardy,350,2,1,1,5,0,0,0,1,0,0,3,76,107.0,52.0,105.0,26.4,42,8,103,18,47,20,50,13,Jamie Vardy,9,Leicester,4,1240,1180,1190,1150,1150,1230,Forward,3,1,3,5,Leicester,4.0,3,a,Brighton,7,4,2,a,Crystal Palace,8,4,3,h,Man Utd,1.7333333333333334
78,173515,0,0.8,False,7.1,173515,1.0,2.9,a,4,57711,1497,820471,5234,0.1,0.6,Iheanacho,67,0,0,0,1,0,0,0,0,0,0,0,11,3.0,18.9,22.0,4.3,349,41,201,30,181,40,285,38,Kelechi Iheanacho,9,Leicester,4,1240,1180,1190,1150,1150,1230,Forward,3,1,3,5,Leicester,4.0,3,a,Brighton,7,4,2,a,Crystal Palace,8,4,3,h,Man Utd,0.3333333333333333
79,245419,0,0.2,False,7.1,245419,1.0,0.5,a,1,8243,395,87781,748,0.0,0.1,Daka,26,0,0,0,2,0,0,0,0,0,0,0,2,1.0,0.0,0.0,0.1,373,47,604,84,602,82,387,51,Patson Daka,9,Leicester,4,1240,1180,1190,1150,1150,1230,Forward,3,1,3,5,Leicester,4.0,3,a,Brighton,7,4,2,a,Crystal Palace,8,4,3,h,Man Utd,0.3333333333333333
80,37642,0,0.2,False,5.4,37642,1.0,0.1,d,1,1527,20,8774,226,0.0,0.2,Evans,29,0,0,0,1,0,0,0,0,0,0,0,7,11.4,0.3,2.0,1.4,300,121,354,126,304,100,343,122,Jonny Evans,9,Leicester,4,1240,1180,1190,1150,1150,1230,Defender,5,3,5,5,Leicester,4.0,3,a,Brighton,7,4,2,a,Crystal Palace,8,4,3,h,Man Utd,0.3333333333333333
81,111931,1,0.8,False,5.5,111931,5.0,3.7,a,15,254447,3693,261787,2596,0.1,2.7,Pereira,190,0,2,1,4,0,0,0,1,0,0,3,59,65.0,30.1,4.0,9.9,136,51,163,41,284,89,199,60,Ricardo Domingos Barbosa Pereira,9,Leicester,4,1240,1180,1190,1150,1150,1230,Defender,5,3,5,5,Leicester,4.0,3,a,Brighton,7,4,2,a,Crystal Palace,8,4,3,h,Man Utd,1.6666666666666667
82,155569,0,0.5,False,4.1,155569,2.7,15.5,a,8,593078,2438,512585,10938,0.1,2.0,Amartey,270,0,0,1,5,0,0,0,0,0,0,0,57,47.4,12.3,0.0,5.9,193,79,238,75,362,132,258,88,Daniel Amartey,9,Leicester,4,1240,1180,1190,1150,1150,1230,Defender,5,3,5,5,Leicester,4.0,3,a,Brighton,7,4,2,a,Crystal Palace,8,4,3,h,Man Utd,0.9
83,166477,0,1.0,False,5.4,166477,2.0,0.7,a,4,16115,757,46053,467,0.2,0.7,Castagne,169,0,0,0,2,0,0,0,0,0,0,0,15,17.6,3.0,0.0,2.1,281,112,285,92,562,205,329,116,Timothy Castagne,9,Leicester,4,1240,1180,1190,1150,1150,1230,Defender,5,3,5,5,Leicester,4.0,3,a,Brighton,7,4,2,a,Crystal Palace,8,4,3,h,Man Utd,0.6666666666666666
84,218031,0,0.8,False,5.0,218031,2.2,2.6,a,9,69580,1666,110913,1842,0.2,1.8,Söyüncü,360,0,0,1,6,0,0,0,1,0,0,0,63,99.8,1.7,0.0,10.2,54,14,302,100,545,199,192,58,Çaglar Söyüncü,9,Leicester,4,1240,1180,1190,1150,1150,1230,Defender,5,3,5,5,Leicester,4.0,3,a,Brighton,7,4,2,a,Crystal Palace,8,4,3,h,Man Utd,0.7333333333333334
85,220627,0,0.0,False,4.9,220627,0.0,0.0,i,0,336,9,1678,20,0.0,0.0,Justin,0,0,0,0,0,0,0,0,0,0,0,0,0,0.0,0.0,0.0,0.0,544,200,541,200,519,192,548,199,James Justin,9,Leicester,4,1240,1180,1190,1150,1150,1230,Defender,5,3,5,5,Leicester,4.0,3,a,Brighton,7,4,2,a,Crystal Palace,8,4,3,h,Man Utd,0.0
86,244619,0,0.5,False,4.5,244619,3.0,1.0,a,9,88035,465,58788,1209,0.1,2.0,Thomas,270,0,0,1,5,0,0,0,0,0,0,1,57,55.6,17.6,0.0,7.4,169,66,203,60,468,179,238,78,Luke Thomas,9,Leicester,4,1240,1180,1190,1150,1150,1230,Defender,5,3,5,5,Leicester,4.0,3,a,Brighton,7,4,2,a,Crystal Palace,8,4,3,h,Man Utd,1.0
87,444463,0,0.0,False,4.4,444463,0.0,0.4,i,0,1440,41,35428,390,0.0,0.0,Fofana,0,0,0,0,0,0,0,0,0,0,0,0,0,0.0,0.0,0.0,0.0,450,180,439,180,396,161,457,180,Wesley Fofana,9,Leicester,4,1240,1180,1190,1150,1150,1230,Defender,5,3,5,5,Leicester,4.0,3,a,Brighton,7,4,2,a,Crystal Palace,8,4,3,h,Man Utd,0.0
88,93100,0,1.5,False,4.9,93100,3.5,0.9,a,7,25429,965,72466,383,0.3,1.4,Vestergaard,88,0,0,1,0,0,0,0,0,0,0,0,25,30.8,0.4,9.0,4.1,247,97,341,119,238,64,290,104,Jannik Vestergaard,9,Leicester,4,1240,1180,1190,1150,1150,1230,Defender,5,3,5,5,Leicester,4.0,3,a,Brighton,7,4,2,a,Crystal Palace,8,4,3,h,Man Utd,1.1666666666666667
89,40146,0,0.5,False,4.9,40146,2.0,0.7,a,2,10505,439,104251,368,0.1,0.4,Bertrand,90,0,0,0,1,0,0,0,0,0,0,0,8,16.2,0.3,0.0,1.7,284,114,351,125,500,187,339,120,Ryan Bertrand,9,Leicester,4,1240,1180,1190,1150,1150,1230,Defender,5,3,5,5,Leicester,4.0,3,a,Brighton,7,4,2,a,Crystal Palace,8,4,3,h,Man Utd,0.6666666666666666
90,51940,1,3.0,False,5.0,51940,3.5,5.5,a,14,313680,4354,181674,4250,0.6,2.8,de Gea,360,0,0,1,3,0,0,0,0,0,12,0,69,86.6,0.0,0.0,8.6,78,14,548,59,529,57,218,15,David de Gea,13,Man Utd,4,1250,1320,1250,1280,1240,1310,Goalkeeper,2,1,1,5,Man Utd,4.0,4,a,West Ham,7,4,4,h,Everton,8,4,3,a,Leicester,0.875
91,172649,0,0.0,False,4.9,172649,0.0,0.5,d,0,1153,13,78658,671,0.0,0.0,Henderson,0,0,0,0,0,0,0,0,0,0,0,0,0,0.0,0.0,0.0,0.0,541,65,538,55,514,53,545,65,Dean Henderson,13,Man Utd,4,1250,1320,1250,1280,1240,1310,Goalkeeper,2,1,1,5,Man Utd,4.0,4,a,West Ham,7,4,4,h,Everton,8,4,3,a,Leicester,0.0
92,21205,0,0.0,False,4.0,21205,0.0,0.6,a,0,22698,186,17868,401,0.0,0.0,Heaton,0,0,0,0,0,0,0,0,0,0,0,0,0,0.0,0.0,0.0,0.0,388,31,375,10,319,7,396,31,Tom Heaton,13,Man Utd,4,1250,1320,1250,1280,1240,1310,Goalkeeper,2,1,1,5,Man Utd,4.0,4,a,West Ham,7,4,4,h,Everton,8,4,3,a,Leicester,0.0
93,62398,0,1.0,False,4.5,62398,1.7,0.3,a,5,19153,596,17170,546,0.2,1.1,Matic,196,0,0,0,2,0,0,0,0,0,0,0,31,35.6,35.3,28.0,9.9,230,94,145,91,163,88,196,97,Nemanja Matic,13,Man Utd,4,1250,1320,1250,1280,1240,1310,Midfielder,5,2,5,5,Man Utd,4.0,4,a,West Ham,7,4,4,h,Everton,8,4,3,a,Leicester,0.425
94,74208,1,3.8,True,7.8,74208,7.8,23.4,a,31,1662811,29560,576920,9309,0.5,4.0,Pogba,344,0,7,1,3,0,0,0,3,0,0,4,103,158.0,141.6,104.0,40.4,6,3,19,12,48,25,15,12,Paul Pogba,13,Man Utd,4,1250,1320,1250,1280,1240,1310,Midfielder,5,2,5,5,Man Utd,4.0,4,a,West Ham,7,4,4,h,Everton,8,4,3,a,Leicester,1.95
95,101582,0,0.5,False,5.0,101582,3.0,0.6,a,9,55125,309,57294,1154,0.1,1.8,Fred,255,1,0,1,2,1,0,0,1,0,0,0,41,67.4,34.5,26.0,12.8,129,50,147,92,168,92,157,80,Frederico Rodrigues de Paula Santos,13,Man Utd,4,1250,1320,1250,1280,1240,1310,Midfielder,5,2,5,5,Man Utd,4.0,4,a,West Ham,7,4,4,h,Everton,8,4,3,a,Leicester,0.75
96,109322,0,1.8,False,6.9,109322,3.5,1.1,a,7,10743,504,82606,827,0.3,1.0,Lingard,28,1,0,0,0,0,0,0,0,0,0,0,23,34.2,2.3,21.0,5.8,238,96,293,155,186,106,263,120,Jesse Lingard,13,Man Utd,4,1250,1320,1250,1280,1240,1310,Midfielder,5,2,5,5,Man Utd,4.0,4,a,West Ham,7,4,4,h,Everton,8,4,3,a,Leicester,0.875
97,141746,1,2.8,True,12.0,141746,7.8,34.3,a,31,746655,5479,2037178,28040,0.2,2.6,Fernandes,354,4,0,1,3,0,0,0,2,0,0,4,105,161.8,125.7,140.0,42.8,4,2,23,14,30,17,11,8,Bruno Miguel Borges Fernandes,13,Man Utd,4,1250,1320,1250,1280,1240,1310,Midfielder,5,2,5,5,Man Utd,4.0,4,a,West Ham,7,4,4,h,Everton,8,4,3,a,Leicester,1.95
98,176297,0,0.0,False,9.4,176297,0.0,0.2,i,0,1340,57,12759,158,0.0,0.0,Rashford,0,0,0,0,0,0,0,0,0,0,0,0,0,0.0,0.0,0.0,0.0,605,249,605,249,605,249,605,249,Marcus Rashford,13,Man Utd,4,1250,1320,1250,1280,1240,1310,Midfielder,5,2,5,5,Man Utd,4.0,4,a,West Ham,7,4,4,h,Everton,8,4,3,a,Leicester,0.0
99,180184,0,0.2,False,5.8,180184,1.0,0.1,a,1,2783,92,8760,147,0.0,0.2,van de Beek,5,0,0,0,0,0,0,0,0,0,0,0,2,0.0,0.3,0.0,0.0,591,239,355,176,586,239,592,239,Donny van de Beek,13,Man Utd,4,1250,1320,1250,1280,1240,1310,Midfielder,5,2,5,5,Man Utd,4.0,4,a,West Ham,7,4,4,h,Everton,8,4,3,a,Leicester,0.25
100,195851,0,0.2,False,5.4,195851,1.5,0.2,d,3,7549,16,35473,375,0.0,0.6,McTominay,82,0,0,0,1,0,0,0,0,0,0,0,16,17.0,12.7,28.0,5.8,283,115,235,129,165,89,262,119,Scott McTominay,13,Man Utd,4,1250,1320,1250,1280,1240,1310,Midfielder,5,2,5,5,Man Utd,4.0,4,a,West Ham,7,4,4,h,Everton,8,4,3,a,Leicester,0.375
101,220688,1,5.8,True,7.7,220688,7.8,18.9,a,31,1352438,18336,562149,11658,0.8,4.0,Greenwood,353,3,1,1,3,0,0,0,0,0,0,4,92,121.2,94.0,128.0,34.3,32,14,43,27,33,19,25,16,Mason Greenwood,13,Man Utd,4,1250,1320,1250,1280,1240,1310,Midfielder,5,2,5,5,Man Utd,4.0,4,a,West Ham,7,4,4,h,Everton,8,4,3,a,Leicester,1.95
102,43670,0,0.0,False,4.9,43670,0.0,0.1,a,0,1529,29,3328,75,0.0,0.0,Mata,0,0,0,0,0,0,0,0,0,0,0,0,0,0.0,0.0,0.0,0.0,531,209,527,214,502,205,535,211,Juan Mata,13,Man Utd,4,1250,1320,1250,1280,1240,1310,Midfielder,5,2,5,5,Man Utd,4.0,4,a,West Ham,7,4,4,h,Everton,8,4,3,a,Leicester,0.0
103,209243,0,1.5,False,9.1,209243,1.8,2.6,a,7,39472,670,586436,4596,0.2,0.8,Sancho,182,0,0,1,1,0,0,0,0,0,0,0,16,8.0,53.1,42.0,10.0,316,134,99,61,128,70,195,96,Jadon Sancho,13,Man Utd,4,1250,1320,1250,1280,1240,1310,Midfielder,5,2,5,5,Man Utd,4.0,4,a,West Ham,7,4,4,h,Everton,8,4,3,a,Leicester,0.45
104,156689,0,0.0,False,5.0,156689,0.0,0.0,u,0,167,0,1684,12,0.0,0.0,Pereira,0,0,0,0,0,0,0,0,0,0,0,0,0,0.0,0.0,0.0,0.0,556,222,557,226,540,221,561,224,Andreas Pereira,13,Man Utd,4,1250,1320,1250,1280,1240,1310,Midfielder,5,2,5,5,Man Utd,4.0,4,a,West Ham,7,4,4,h,Everton,8,4,3,a,Leicester,0.0
105,449434,0,0.0,False,4.9,449434,0.0,0.0,a,0,345,5,1370,39,0.0,0.0,Elanga,0,0,0,0,0,0,0,0,0,0,0,0,0,0.0,0.0,0.0,0.0,546,216,543,220,523,214,551,218,Anthony Elanga,13,Man Utd,4,1250,1320,1250,1280,1240,1310,Midfielder,5,2,5,5,Man Utd,4.0,4,a,West Ham,7,4,4,h,Everton,8,4,3,a,Leicester,0.0
106,40720,0,0.2,False,8.4,40720,1.0,2.1,d,1,29641,54,447989,4617,0.0,0.1,Cavani,37,0,0,0,0,0,0,0,0,0,0,0,3,0.2,2.4,0.0,0.3,380,49,292,41,603,83,376,48,Edinson Cavani,13,Man Utd,4,1250,1320,1250,1280,1240,1310,Forward,3,1,3,5,Man Utd,4.0,4,a,West Ham,7,4,4,h,Everton,8,4,3,a,Leicester,0.25
107,148225,0,0.8,False,7.7,148225,1.0,0.7,a,4,16820,318,117390,916,0.1,0.5,Martial,96,0,0,0,1,0,0,0,0,0,0,0,8,4.0,5.7,44.0,5.3,338,39,265,37,118,32,275,36,Anthony Martial,13,Man Utd,4,1250,1320,1250,1280,1240,1310,Forward,3,1,3,5,Man Utd,4.0,4,a,West Ham,7,4,4,h,Everton,8,4,3,a,Leicester,0.25
108,14937,1,6.5,False,12.6,14937,13.0,43.9,a,13,3454512,60592,159175,2840,0.5,1.0,Ronaldo,90,2,0,0,1,0,0,0,0,0,0,3,57,67.2,20.6,90.0,17.8,130,16,198,29,59,21,104,22,Cristiano Ronaldo dos Santos Aveiro,13,Man Utd,4,1250,1320,1250,1280,1240,1310,Forward,3,1,3,5,Man Utd,4.0,4,a,West Ham,7,4,4,h,Everton,8,4,3,a,Leicester,3.25
109,95658,0,2.5,False,5.4,95658,3.0,9.2,a,12,93040,1860,373030,6740,0.5,2.2,Maguire,360,0,0,1,3,0,0,0,1,0,0,1,61,76.6,5.4,50.0,13.2,106,41,266,85,104,22,148,41,Harry Maguire,13,Man Utd,4,1250,1320,1250,1280,1240,1310,Defender,5,3,5,5,Man Utd,4.0,4,a,West Ham,7,4,4,h,Everton,8,4,3,a,Leicester,0.75
110,106760,0,3.8,False,5.5,106760,4.0,42.3,a,16,491990,11435,1258602,15644,0.7,2.9,Shaw,360,0,1,1,3,0,0,0,1,0,0,2,75,60.2,142.2,12.0,21.4,152,56,17,5,223,54,72,14,Luke Shaw,13,Man Utd,4,1250,1320,1250,1280,1240,1310,Defender,5,3,5,5,Man Utd,4.0,4,a,West Ham,7,4,4,h,Everton,8,4,3,a,Leicester,1.0
111,152590,0,0.0,False,5.0,152590,0.0,0.0,i,0,270,5,826,12,0.0,0.0,Telles,0,0,0,0,0,0,0,0,0,0,0,0,0,0.0,0.0,0.0,0.0,555,202,556,202,539,196,560,202,Alex Nicolao Telles,13,Man Utd,4,1250,1320,1250,1280,1240,1310,Defender,5,3,5,5,Man Utd,4.0,4,a,West Ham,7,4,4,h,Everton,8,4,3,a,Leicester,0.0
112,184667,0,0.5,False,4.9,184667,3.5,0.5,a,7,17672,134,36940,749,0.1,1.4,Lindelöf,180,0,1,0,2,0,0,0,0,0,0,0,35,43.4,14.2,0.0,5.8,208,84,223,68,516,190,261,90,Victor Lindelöf,13,Man Utd,4,1250,1320,1250,1280,1240,1310,Defender,5,3,5,5,Man Utd,4.0,4,a,West Ham,7,4,4,h,Everton,8,4,3,a,Leicester,0.875
113,197365,0,0.0,False,5.0,197365,0.0,0.1,a,0,1293,60,6076,113,0.0,0.0,Bailly,0,0,0,0,0,0,0,0,0,0,0,0,0,0.0,0.0,0.0,0.0,558,203,559,203,543,198,563,203,Eric Bailly,13,Man Utd,4,1250,1320,1250,1280,1240,1310,Defender,5,3,5,5,Man Utd,4.0,4,a,West Ham,7,4,4,h,Everton,8,4,3,a,Leicester,0.0
114,214590,0,3.0,False,5.4,214590,3.5,6.7,a,14,75554,1489,329411,6088,0.6,2.6,Wan-Bissaka,360,0,0,1,3,0,0,0,0,0,0,2,69,63.0,53.0,8.0,12.4,141,53,100,22,256,72,161,46,Aaron Wan-Bissaka,13,Man Utd,4,1250,1320,1250,1280,1240,1310,Defender,5,3,5,5,Man Utd,4.0,4,a,West Ham,7,4,4,h,Everton,8,4,3,a,Leicester,0.875
115,216051,0,0.0,False,4.4,216051,0.0,0.1,a,0,1874,96,4397,104,0.0,0.0,Dalot,1,0,0,0,0,0,0,0,1,0,0,0,0,0.0,0.0,0.0,0.0,443,173,432,173,388,153,450,173,José Diogo Dalot Teixeira,13,Man Utd,4,1250,1320,1250,1280,1240,1310,Defender,5,3,5,5,Man Utd,4.0,4,a,West Ham,7,4,4,h,Everton,8,4,3,a,Leicester,0.0
116,90152,1,3.5,False,5.5,90152,7.0,4.1,a,14,306927,5434,116483,4014,0.6,2.5,Varane,180,0,1,1,1,0,0,0,0,0,0,3,47,51.4,12.7,8.0,7.3,184,74,236,73,257,73,241,80,Raphaël Varane,13,Man Utd,4,1250,1320,1250,1280,1240,1310,Defender,5,3,5,5,Man Utd,4.0,4,a,West Ham,7,4,4,h,Everton,8,4,3,a,Leicester,1.75
